{"cameraMode":{"drawMode":0,"name":"Shaded","section":"Shading Mode"},"sceneLighting":true,"audioPlay":false,"sceneViewState":{"m_AlwaysRefresh":false,"showFog":true,"showSkybox":true,"showFlares":true,"showImageEffects":true,"showParticleSystems":true,"showVisualEffectGraphs":true,"m_FxEnabled":true},"in2DMode":false,"pivot":{"x":-2.0508687496185304,"y":-0.025628089904785157,"z":3.028799533843994},"rotation":{"x":0.27515995502471926,"y":-0.10558515042066574,"z":0.03041856735944748,"w":0.9550990462303162},"size":6.967962265014648,"orthographic":false}