{"cameraMode":{"drawMode":0,"name":"Shaded","section":"Shading Mode"},"sceneLighting":false,"audioPlay":false,"sceneViewState":{"m_AlwaysRefresh":false,"showFog":true,"showSkybox":false,"showFlares":true,"showImageEffects":true,"showParticleSystems":true,"showVisualEffectGraphs":true,"m_FxEnabled":true},"in2DMode":false,"pivot":{"x":0.6439999938011169,"y":0.153646782040596,"z":-0.009161144495010376},"rotation":{"x":0.3522038161754608,"y":-0.1443321704864502,"z":0.055069442838430408,"w":0.9230883121490479},"size":0.34202927350997927,"orthographic":false}